{
    "faces":[32,4,0,1,0,0,0,32,2,33,14,1,1,1,32,4,1,2,2,2,2,32,6,3,4,3,3,3,32,5,6,4,4,4,4,32,4,2,14,5,5,5,32,17,29,30,6,6,6,32,5,4,14,7,7,7,32,8,5,14,8,8,8,32,10,7,8,9,9,9,32,13,15,9,10,10,10,32,9,10,8,11,11,11,32,8,14,17,12,12,12,32,30,31,32,13,13,13,32,9,8,17,14,14,14,32,17,30,32,15,15,15,32,26,25,28,16,16,16,32,17,32,26,17,17,17,32,13,9,17,18,18,18,32,12,11,13,19,19,19,32,18,16,12,20,20,20,32,22,19,18,12,12,12,32,24,23,22,12,12,12,32,27,20,21,21,21,21,32,21,24,22,12,12,12,32,22,18,12,22,22,22,32,12,13,17,23,23,23,32,26,28,27,24,24,24,32,27,21,22,25,25,25,32,22,12,17,26,26,26,32,17,26,27,27,27,27,32,17,27,22,28,28,28],
    "normals":[-8.41767e-08,1,5.26739e-08,-7.98696e-08,1,-1.02507e-07,-1.00462e-07,1,3.73877e-08,0,1,2.98023e-07,-1.63079e-07,1,-2.98024e-07,-9.56624e-08,1,3.93764e-08,-0,1,2.71888e-08,-1.63079e-07,1,1.40959e-07,-9.40019e-08,1,5.46253e-08,-8.06234e-08,1,-2.98024e-07,-7.72836e-08,1,-5.15874e-11,-8.06235e-08,1,-2.98024e-07,0,1,0,-8.06405e-08,1,5.25388e-08,-8.06234e-08,1,5.49679e-08,-7.26066e-08,1,3.68362e-08,3.12618e-13,1,1.63864e-07,-7.85457e-08,1,3.98493e-08,-8.47905e-08,1,5.69863e-08,0,1,0,1.09853e-07,1,-1.83273e-07,3.92186e-11,1,1.85108e-08,-1.8028e-07,1,1.49042e-07,-3.10272e-08,1,6.47973e-08,0,1,1.63864e-07,-4.37434e-08,1,2.19617e-08,-8.80603e-08,1,4.99077e-08,-1.9049e-07,1,1.63864e-07,-1.04656e-07,1,3.03438e-08],
    "vertices":[8.47604,0.810828,-1.18899,8.47604,0.810828,-3.45214,7.28943,0.810828,-3.45214,6.35177,0.810828,-0.988986,6.35177,0.810828,-1.18899,5.62078,0.810828,-1.18899,5.62078,0.810828,-0.988986,3.71854,0.810828,-0.988986,3.71854,0.810828,-1.18899,2.97925,0.810828,-1.18899,2.97925,0.810828,-0.988986,0.506185,0.810827,-1.55885,0.311654,0.810827,-1.66301,0.665712,0.810827,-1.49348,2.06551,0.810828,-4.03361,0.665509,0.810827,-1.18898,0.00405127,0.810827,-1.84739,1.16551,0.810828,-4.93361,-0.876708,0.810827,-2.70053,-1.00673,0.810827,-2.84308,-1.63449,0.810827,-3.51361,-1.38073,0.810827,-3.51415,-1.12,0.810827,-2.99482,-1.22258,0.810827,-3.15938,-1.30807,0.810827,-3.32822,-1.88443,0.810827,-7.4611,-1.63449,0.810827,-7.4611,-1.63449,0.810827,-6.73361,-1.88443,0.810827,-6.73361,1.16551,0.810828,-9.31812,0.582931,0.810828,-9.31812,0.582931,0.810828,-10.4526,-1.63449,0.810828,-10.4526,7.28943,0.810828,-4.03361],
    "metadata":{
        "generator":"io_three",
        "vertices":34,
        "faces":32,
        "normals":29,
        "version":3,
        "type":"Geometry"
    }
}