{
    "vertices":[513.224,0.540047,109.008,511.182,0.540046,107.71,509.085,0.540046,106.394,506.932,0.540046,105.061,504.724,0.540046,103.711,502.461,0.540046,102.343,500.142,0.540046,100.958,497.768,0.540046,99.5552,495.339,0.540046,98.135,492.854,0.540046,96.6973,490.314,0.540046,95.2421,487.719,0.540046,93.7695,485.068,0.540046,92.2793,482.362,0.540046,90.7718,479.597,0.540046,89.2472,476.587,0.540046,87.7271,473.234,0.540046,86.2234,469.536,0.540045,84.736,465.494,0.540045,83.2649,461.108,0.540045,81.8102,456.378,0.540045,80.3717,451.303,0.540045,78.9495,445.884,0.540045,77.5437,440.121,0.540045,76.1541,434.014,0.540045,74.7809,427.562,0.540045,73.4239,420.766,0.540045,72.0833,413.626,0.540045,70.759,406.157,0.540045,69.4484,398.553,0.540045,68.1178,390.873,0.540045,66.7568,383.119,0.540044,65.3654,375.289,0.540044,63.9437,367.385,0.540044,62.4915,359.405,0.540044,61.009,351.35,0.540044,59.4961,343.22,0.540044,57.9528,335.015,0.540044,56.3791,326.734,0.540044,54.775,318.379,0.540044,53.1406,309.949,0.540044,51.4757,301.443,0.540044,49.7805,292.818,0.540043,48.0458,283.804,0.540043,46.217,274.357,0.540043,44.2849,264.477,0.540043,42.2497,254.164,0.540043,40.1112,243.418,0.540043,37.8696,232.239,0.540043,35.5247,220.627,0.540043,33.0767,208.582,0.540042,30.5254,196.104,0.540042,27.8709,183.192,0.540042,25.1132,169.848,0.540042,22.2523,156.071,0.540042,19.2882,141.86,0.540041,16.2208,127.415,0.540041,13.0906,113.377,0.540041,10.028,99.7967,0.540041,7.04322,86.674,0.540041,4.13623,74.0086,0.54004,1.30704,61.8007,0.54004,-1.44437,50.0502,0.54004,-4.11799,38.7572,0.54004,-6.71382,27.9215,0.54004,-9.23186,17.5433,0.54004,-11.6721,7.62257,0.540039,-14.0346,-1.84077,0.540039,-16.3193,-10.8467,0.540039,-18.5261,-19.3951,0.540039,-20.6552,-28.2531,0.540039,-22.9868,-38.8318,0.540039,-26.0365,-51.1618,0.540039,-29.8155,-65.2432,0.540039,-34.3239,-81.076,0.540038,-39.5616,-98.6602,0.540038,-45.5287,-117.996,0.540038,-52.2251,-139.083,0.540037,-59.6508,-161.921,0.540037,-67.8059,-186.511,0.540037,-76.6904,-212.852,0.540036,-86.3042,-240.944,0.540036,-96.6473,-270.788,0.540035,-107.72,-302.383,0.540035,-119.522],
    "metadata":{
        "type":"Geometry",
        "generator":"io_three",
        "vertices":84,
        "uvs":0,
        "faces":82,
        "version":3,
        "normals":82
    },
    "uvs":[],
    "faces":[32,0,83,82,0,0,0,32,82,81,80,1,1,1,32,80,79,78,2,2,2,32,78,77,76,3,3,3,32,76,75,74,4,4,4,32,74,73,72,5,5,5,32,72,71,70,6,6,6,32,70,69,68,7,7,7,32,68,67,66,8,8,8,32,66,65,64,9,9,9,32,64,63,62,10,10,10,32,62,61,60,11,11,11,32,60,59,58,12,12,12,32,58,57,56,13,13,13,32,56,55,54,14,14,14,32,54,53,52,15,15,15,32,52,51,50,16,16,16,32,50,49,48,17,17,17,32,48,47,46,18,18,18,32,46,45,44,19,19,19,32,44,43,42,20,20,20,32,42,41,40,21,21,21,32,40,39,38,22,22,22,32,38,37,36,23,23,23,32,36,35,34,24,24,24,32,34,33,32,25,25,25,32,32,31,30,26,26,26,32,30,29,28,27,27,27,32,30,28,27,28,28,28,32,34,32,30,29,29,29,32,38,36,34,30,30,30,32,42,40,38,31,31,31,32,46,44,42,32,32,32,32,50,48,46,33,33,33,32,54,52,50,34,34,34,32,58,56,54,35,35,35,32,62,60,58,36,36,36,32,66,64,62,37,37,37,32,70,68,66,38,38,38,32,74,72,70,39,39,39,32,78,76,74,40,40,40,32,82,80,78,41,41,41,32,0,82,78,42,42,42,32,78,74,70,43,43,43,32,70,66,62,44,44,44,32,62,58,54,45,45,45,32,54,50,46,46,46,46,32,46,42,38,47,47,47,32,38,34,30,48,48,48,32,38,30,27,49,49,49,32,54,46,38,50,50,50,32,70,62,54,51,51,51,32,0,78,70,52,52,52,32,0,70,54,53,53,53,32,54,38,27,54,54,54,32,54,27,26,55,55,55,32,0,54,26,56,56,56,32,0,26,25,57,57,57,32,3,2,1,58,58,58,32,0,25,24,59,59,59,32,4,3,1,60,60,60,32,0,24,23,61,61,61,32,5,4,1,62,62,62,32,0,23,22,63,63,63,32,6,5,1,64,64,64,32,0,22,21,65,65,65,32,7,6,1,66,66,66,32,0,21,20,67,67,67,32,8,7,1,68,68,68,32,0,20,19,69,69,69,32,9,8,1,70,70,70,32,0,19,18,71,71,71,32,10,9,1,72,72,72,32,0,18,17,73,73,73,32,11,10,1,74,74,74,32,0,17,16,75,75,75,32,12,11,1,76,76,76,32,0,16,15,77,77,77,32,13,12,1,78,78,78,32,0,15,14,79,79,79,32,14,13,1,80,80,80,32,1,0,14,81,81,81],
    "normals":[-6.64626e-09,1,-2.76611e-08,-1.46467e-07,1,3.51711e-07,1.13194e-07,1,-3.53542e-07,-1.09864e-07,1,2.63821e-07,7.6558e-08,1,-2.65562e-07,-7.32389e-08,1,1.7587e-07,3.99392e-08,1,-1.77629e-07,1.07148e-07,1,-4.58202e-07,3.0015e-08,1,-1.76503e-07,5.00873e-07,1,-2.17902e-06,-4.55818e-07,1,1.91413e-06,4.50247e-08,1,-2.64763e-07,4.50327e-08,1,-2.648e-07,-5.30873e-07,1,2.35547e-06,-1.13929e-06,1,5.20043e-06,-1.33427e-07,1,5.59856e-07,-1.33354e-07,1,5.59508e-07,-1.33453e-07,1,5.59972e-07,-1.10026e-06,1,5.19462e-06,-8.8903e-08,1,3.73e-07,-8.89071e-08,1,3.73016e-07,-3.54692e-08,1,1.07641e-07,-7.71006e-07,1,3.86845e-06,-7.43748e-07,1,3.80209e-06,6.74759e-07,1,-3.63185e-06,-6.88081e-07,1,3.66344e-06,-6.60078e-07,1,3.59309e-06,-1.38069e-08,1,3.41101e-08,-2.23642e-06,1,1.26547e-05,-2.07206e-08,1,5.12226e-08,-2.07156e-08,1,5.11963e-08,1.64335e-07,1,-8.90283e-07,-8.89661e-08,1,3.73306e-07,1.35878e-07,1,-7.14519e-07,-1.33456e-07,1,5.59985e-07,2.94646e-08,1,-2.03558e-07,4.50235e-08,1,-2.64758e-07,3.75193e-08,1,-2.20631e-07,-6.1947e-08,1,2.01644e-07,1.85117e-08,1,-1.05745e-07,3.68213e-08,1,-1.49712e-07,5.51311e-08,1,-1.93679e-07,-9.43573e-09,1,-1.75702e-08,-7.49389e-09,1,-2.28667e-08,-4.98156e-08,1,1.53027e-07,-2.93207e-08,1,6.66008e-08,-5.77699e-08,1,2.06307e-07,-1.13024e-08,1,-5.03672e-09,-2.07195e-08,1,5.12166e-08,3.71169e-10,1,-6.1682e-08,2.04287e-08,1,-1.62072e-07,-3.29424e-08,1,8.30058e-08,-1.00276e-08,1,-1.53101e-08,1.62142e-08,-1,-1.00687e-08,6.63761e-09,1,-9.57476e-08,4.52117e-08,1,-2.88769e-07,7.37526e-09,-1,2.5117e-08,3.4145e-10,-1,4.27296e-08,-2.89678e-08,-1,9.15038e-08,1.59517e-10,-1,4.31676e-08,-2.88382e-08,-1,9.12959e-08,-6.18891e-11,-1,4.368e-08,-2.88355e-08,-1,9.12914e-08,2.19776e-08,-1,-5.36066e-09,-2.88131e-08,-1,9.1255e-08,4.20472e-10,-1,4.07765e-08,-2.88371e-08,-1,9.12941e-08,1.78154e-10,-1,4.12757e-08,-2.88206e-08,-1,9.12671e-08,-1.48417e-10,-1,4.1924e-08,-2.88184e-08,-1,9.12635e-08,-6.0819e-10,-1,4.2805e-08,-2.88366e-08,-1,9.12937e-08,-1.29837e-09,-1,4.40847e-08,-2.88167e-08,-1,9.12605e-08,-2.44119e-09,-1,4.61418e-08,-2.8822e-08,-1,9.12694e-08,-4.67028e-09,-1,5.00542e-08,-2.88341e-08,-1,9.12899e-08,-1.08503e-08,-1,6.06938e-08,-2.78911e-08,-1,8.96853e-08,-2.87472e-08,-1,9.11499e-08]
}