{
    "faces":[32,42,43,44,0,0,0,32,44,45,46,1,1,1,32,46,47,48,2,2,2,32,48,49,50,3,3,3,32,50,51,52,4,4,4,32,52,53,54,5,5,5,32,54,55,56,6,6,6,32,56,57,58,7,7,7,32,58,59,60,8,8,8,32,60,61,62,9,9,9,32,62,63,64,10,10,10,32,64,65,66,11,11,11,32,66,67,68,12,12,12,32,68,69,70,13,13,13,32,70,71,72,14,14,14,32,72,73,74,15,15,15,32,74,75,76,16,16,16,32,76,77,78,17,17,17,32,78,79,80,18,18,18,32,80,81,82,19,19,19,32,82,83,84,20,20,20,32,84,85,86,21,21,21,32,86,87,88,22,22,22,32,88,89,90,23,23,23,32,90,91,92,24,24,24,32,92,93,94,25,25,25,32,94,95,96,26,26,26,32,96,97,98,27,27,27,32,98,99,100,28,28,28,32,100,101,102,29,29,29,32,102,103,104,30,30,30,32,104,105,106,31,31,31,32,106,107,0,32,32,32,32,104,106,0,33,33,33,32,100,102,104,34,34,34,32,96,98,100,35,35,35,32,92,94,96,36,36,36,32,88,90,92,37,37,37,32,84,86,88,38,38,38,32,80,82,84,39,39,39,32,76,78,80,40,40,40,32,72,74,76,41,41,41,32,68,70,72,42,42,42,32,64,66,68,43,43,43,32,60,62,64,44,44,44,32,56,58,60,45,45,45,32,52,54,56,46,46,46,32,48,50,52,47,47,47,32,44,46,48,48,48,48,32,42,44,48,49,49,49,32,48,52,56,50,50,50,32,56,60,64,51,51,51,32,64,68,72,52,52,52,32,72,76,80,53,53,53,32,80,84,88,54,54,54,32,88,92,96,55,55,55,32,96,100,104,56,56,56,32,96,104,0,57,57,57,32,80,88,96,58,58,58,32,64,72,80,59,59,59,32,48,56,64,60,60,60,32,41,42,48,61,61,61,32,40,41,48,62,62,62,32,48,64,80,63,63,63,32,80,96,0,64,64,64,32,48,80,0,65,65,65,32,40,48,0,66,66,66,32,1,2,3,67,67,67,32,39,40,0,68,68,68,32,1,3,4,69,69,69,32,38,39,0,70,70,70,32,1,4,5,71,71,71,32,37,38,0,72,72,72,32,1,5,6,73,73,73,32,36,37,0,74,74,74,32,1,6,7,75,75,75,32,35,36,0,76,76,76,32,1,7,8,77,77,77,32,34,35,0,78,78,78,32,1,8,9,79,79,79,32,33,34,0,80,80,80,32,1,9,10,81,81,81,32,32,33,0,82,82,82,32,1,10,11,83,83,83,32,31,32,0,84,84,84,32,1,11,12,85,85,85,32,30,31,0,86,86,86,32,1,12,13,87,87,87,32,29,30,0,88,88,88,32,1,13,14,89,89,89,32,28,29,0,90,90,90,32,1,14,15,91,91,91,32,27,28,0,92,92,92,32,1,15,16,93,93,93,32,26,27,0,94,94,94,32,1,16,17,95,95,95,32,25,26,0,96,96,96,32,1,17,18,97,97,97,32,24,25,0,98,98,98,32,1,18,19,99,99,99,32,23,24,0,100,100,100,32,1,19,20,101,101,101,32,22,23,0,102,102,102,32,1,20,21,103,103,103,32,21,22,0,104,104,104,32,1,21,0,105,105,105],
    "vertices":[-187.017,0.500013,301.044,-177.091,0.500012,299.336,-167.899,0.500012,297.601,-159.402,0.500012,295.848,-151.562,0.500012,294.087,-144.343,0.500012,292.327,-137.709,0.500012,290.573,-131.626,0.500012,288.83,-126.061,0.500012,287.101,-120.982,0.500012,285.387,-116.358,0.500012,283.689,-112.16,0.500012,282.004,-108.36,0.500011,280.329,-104.929,0.500011,278.659,-101.843,0.500011,276.988,-99.0756,0.500011,275.307,-96.604,0.500011,273.607,-94.4053,0.500011,271.876,-92.4584,0.500011,270.102,-90.7428,0.500011,268.269,-89.2395,0.500011,266.365,-87.9302,0.500011,264.374,-86.7974,0.500011,262.287,-85.8247,0.50001,260.09,-84.9964,0.50001,257.775,-84.298,0.50001,255.333,-83.7157,0.50001,252.755,-83.2366,0.50001,250.036,-82.8487,0.50001,247.169,-82.541,0.50001,244.151,-82.3033,0.50001,240.978,-82.1264,0.500009,237.648,-82.0019,0.500009,234.159,-81.9224,0.500009,230.512,-81.8813,0.500009,226.708,-81.8731,0.500009,222.748,-81.893,0.500009,218.638,-81.9371,0.500008,214.379,-82.0017,0.500008,209.978,-82.0835,0.500008,205.44,-82.1791,0.500008,200.77,-82.2854,0.500008,195.974,-82.3991,0.500007,191.058,-82.5174,0.500007,186.028,-82.6375,0.500007,180.891,-82.7565,0.500007,175.654,-82.8719,0.500006,170.326,-82.9811,0.500006,164.912,-83.082,0.500006,159.421,-83.1721,0.500006,153.862,-83.2494,0.500006,148.244,-83.3119,0.500005,142.574,-83.3577,0.500005,136.863,-83.385,0.500005,131.119,-83.3922,0.500005,125.354,-83.3779,0.500004,119.576,-83.3408,0.500004,113.796,-83.2799,0.500004,108.024,-83.1948,0.500004,102.271,-83.0849,0.500003,96.5443,-82.9504,0.500003,90.8554,-82.7914,0.500003,85.2135,-82.6086,0.500003,79.628,-82.4027,0.500002,74.1085,-82.1749,0.500002,68.6641,-81.9267,0.500002,63.3041,-81.6598,0.500002,58.0377,-81.3762,0.500001,52.8738,-81.0783,0.500001,47.8214,-80.7687,0.500001,42.8892,-80.4504,0.500001,38.086,-80.1265,0.5,33.4204,-79.8005,0.5,28.901,-79.4757,0.5,24.5361,-79.1537,0.5,20.3335,-78.8346,0.5,16.3005,-78.5164,0.499999,12.4441,-78.1956,0.499999,8.77061,-77.8668,0.499999,5.28592,-77.5229,0.499999,1.99535,-77.155,0.499999,-1.09622,-76.7524,0.499999,-3.98441,-76.3028,0.499999,-6.66531,-75.7919,0.499998,-9.13565,-75.2037,0.499998,-11.3925,-74.5207,0.499998,-13.4335,-73.7232,0.499998,-15.2567,-72.79,0.499998,-16.8609,-71.6982,0.499998,-18.2451,-70.4229,0.499998,-19.4089,-68.9375,0.499998,-20.3524,-67.2111,0.499998,-21.075,-65.2058,0.499998,-21.5729,-62.8756,0.499997,-21.84,-60.1669,0.499997,-21.8669,-57.0183,0.499997,-21.6413,-53.3607,0.499997,-21.1481,-49.117,0.499997,-20.3694,-44.2025,0.499997,-19.2838,-38.5248,0.499997,-17.8677,-31.9836,0.499997,-16.094,-24.4708,0.499997,-13.9329,-15.8707,0.499996,-11.3518,-6.05953,0.499996,-8.31499,5.09394,0.499996,-4.78381,17.7289,0.499996,-0.716766,31.9922,0.499996,3.93059,48.0386,0.499995,9.20561],
    "metadata":{
        "uvs":0,
        "vertices":108,
        "normals":106,
        "generator":"io_three",
        "type":"Geometry",
        "version":3,
        "faces":106
    },
    "uvs":[],