{
    "faces":[32,28,29,30,0,0,0,32,30,31,32,1,1,1,32,32,33,34,2,2,2,32,34,35,36,3,3,3,32,36,37,38,4,4,4,32,38,39,40,5,5,5,32,40,41,42,6,6,6,32,42,43,44,7,7,7,32,44,45,46,8,8,8,32,46,47,48,9,9,9,32,48,49,50,10,10,10,32,50,51,52,11,11,11,32,52,53,54,12,12,12,32,54,55,56,13,13,13,32,56,57,58,14,14,14,32,58,59,60,15,15,15,32,60,61,62,16,16,16,32,62,63,64,17,17,17,32,64,65,66,18,18,18,32,66,67,68,19,19,19,32,68,69,70,20,20,20,32,70,71,72,21,21,21,32,72,73,74,22,22,22,32,70,72,74,23,23,23,32,66,68,70,24,24,24,32,62,64,66,25,25,25,32,58,60,62,26,26,26,32,54,56,58,27,27,27,32,50,52,54,28,28,28,32,46,48,50,29,29,29,32,42,44,46,30,30,30,32,38,40,42,31,31,31,32,34,36,38,32,32,32,32,30,32,34,33,33,33,32,28,30,34,34,34,34,32,34,38,42,35,35,35,32,42,46,50,36,36,36,32,50,54,58,37,37,37,32,58,62,66,38,38,38,32,66,70,74,39,39,39,32,66,74,75,40,40,40,32,50,58,66,41,41,41,32,34,42,50,42,42,42,32,27,28,34,43,43,43,32,26,27,34,44,44,44,32,34,50,66,45,45,45,32,66,75,76,46,46,46,32,66,76,77,47,47,47,32,26,34,66,48,48,48,32,25,26,66,49,49,49,32,66,77,78,50,50,50,32,66,78,79,51,51,51,32,24,25,66,52,52,52,32,23,24,66,53,53,53,32,66,79,80,54,54,54,32,23,66,80,55,55,55,32,22,23,80,56,56,56,32,22,80,81,57,57,57,32,21,22,81,58,58,58,32,21,81,82,59,59,59,32,20,21,82,60,60,60,32,83,84,85,61,61,61,32,20,82,83,62,62,62,32,19,20,83,63,63,63,32,83,85,86,64,64,64,32,86,87,88,65,65,65,32,88,89,90,66,66,66,32,90,91,92,67,67,67,32,92,93,94,68,68,68,32,94,95,96,69,69,69,32,96,97,98,70,70,70,32,98,99,100,71,71,71,32,100,101,102,72,72,72,32,102,103,104,11,11,11,32,104,105,106,15,15,15,32,106,107,0,73,73,73,32,106,0,1,74,74,74,32,102,104,106,11,11,11,32,98,100,102,75,75,75,32,94,96,98,76,76,76,32,90,92,94,77,77,77,32,86,88,90,78,78,78,32,19,83,86,79,79,79,32,18,19,86,80,80,80,32,86,90,94,81,81,81,32,94,98,102,82,82,82,32,102,106,1,83,83,83,32,102,1,2,84,84,84,32,86,94,102,85,85,85,32,17,18,86,86,86,86,32,16,17,86,87,87,87,32,86,102,2,88,88,88,32,86,2,3,89,89,89,32,15,16,86,90,90,90,32,14,15,86,91,91,91,32,86,3,4,92,92,92,32,86,4,5,93,93,93,32,13,14,86,94,94,94,32,12,13,86,95,95,95,32,86,5,6,96,96,96,32,86,6,7,97,97,97,32,11,12,86,98,98,98,32,10,11,86,99,99,99,32,86,7,8,100,100,100,32,9,10,86,101,101,101,32,8,9,86,102,102,102],
    "vertices":[-202.255,0.499993,-77.3523,-173.502,0.499994,-66.0802,-147.921,0.499995,-56.1918,-125.17,0.499995,-47.5386,-104.929,0.499996,-39.981,-86.8981,0.499996,-33.3881,-70.7969,0.499997,-27.6381,-56.3669,0.499997,-22.6178,-43.3699,0.499998,-18.2231,-31.5885,0.499998,-14.3588,-20.8256,0.499998,-10.9383,-10.9053,0.499999,-7.88419,-1.67191,0.499999,-5.12774,7.00926,0.499999,-2.60916,15.2524,0.499999,-0.277542,23.1509,0.5,1.90917,30.7776,0.5,3.98415,38.1846,0.5,5.97169,45.4033,0.5,7.88722,52.4461,0.5,9.73794,59.3168,0.5,11.5274,66.0186,0.500001,13.2589,72.5539,0.500001,14.9353,78.925,0.500001,16.5593,85.1333,0.500001,18.1332,91.1799,0.500001,19.6593,97.0656,0.500001,21.1396,102.79,0.500001,22.5757,108.354,0.500001,23.969,113.755,0.500001,25.3208,118.993,0.500001,26.632,124.065,0.500001,27.9032,128.97,0.500001,29.135,133.704,0.500001,30.3274,138.265,0.500001,31.4806,142.648,0.500001,32.5942,146.849,0.500001,33.6676,150.864,0.500001,34.7001,154.688,0.500002,35.6911,158.319,0.500002,36.6406,161.753,0.500002,37.5484,164.99,0.500002,38.4152,168.029,0.500002,39.2416,170.871,0.500002,40.0288,173.516,0.500002,40.7781,175.967,0.500002,41.4915,178.227,0.500002,42.1708,180.3,0.500002,42.8187,182.191,0.500002,43.4379,183.905,0.500002,44.0313,185.45,0.500002,44.6026,186.832,0.500002,45.1554,188.06,0.500002,45.6938,189.144,0.500002,46.2223,190.094,0.500002,46.7455,190.92,0.500002,47.2686,191.633,0.500002,47.7965,192.244,0.500002,48.3341,192.762,0.500002,48.8864,193.196,0.500002,49.4581,193.556,0.500002,50.054,193.848,0.500002,50.6787,194.082,0.500002,51.3368,194.264,0.500002,52.0329,194.401,0.500002,52.7712,194.499,0.500002,53.5563,194.565,0.500002,54.3925,194.603,0.500002,55.2838,194.619,0.500002,56.2346,194.617,0.500002,57.2489,194.6,0.500003,58.3307,194.573,0.500003,59.4839,194.538,0.500003,60.7124,194.498,0.500003,62.0196,194.454,0.500003,63.4079,194.409,0.500003,64.8783,194.365,0.500003,66.4307,194.321,0.500003,68.0636,194.28,0.500003,69.7743,194.241,0.500003,71.5589,194.206,0.500003,73.412,194.172,0.500003,75.3273,194.141,0.500003,77.2969,194.111,0.500003,79.3119,194.081,0.500003,81.3619,194.05,0.500004,83.4355,194.015,0.500004,85.5198,193.975,0.500004,87.6008,193.926,0.500004,89.6631,193.867,0.500004,91.6902,193.794,0.500004,93.6644,193.702,0.500004,95.5677,193.586,0.500004,97.3845,193.436,0.500004,99.1009,193.242,0.500004,100.705,192.991,0.500004,102.188,192.668,0.500004,103.541,192.256,0.500005,104.759,191.734,0.500005,105.839,191.081,0.500005,106.78,190.273,0.500005,107.583,189.284,0.500005,108.25,188.085,0.500005,108.786,186.646,0.500005,109.199,184.934,0.500005,109.497,182.913,0.500005,109.692,180.548,0.500005,109.798,177.797,0.500005,109.829],
    "metadata":{
        "uvs":0,
        "vertices":108,
        "normals":103,
        "generator":"io_three",
        "type":"Geometry",
        "version":3,
        "faces":106
    },
    "uvs":[],
    "normals":[-1.4954e-06,-1,6.01924e-06,-1.82406e-07,-1,7.74715e-07,-3.37901e-06,-1,1.3415e-05,-9.03926e-08,-1,4.09318e-07,-2.02699e-06,-1,7.88168e-06,-1.60588e-06,-1,6.1408e-06,1.20201e-06,-1,-4.42041e-06,9.48297e-07,-1,-3.34747e-06,7.62682e-07,-1,-2.53716e-06,-6.60236e-07,-1,2.11253e-06,-5.64549e-07,-1,1.63067e-06,0,-1,0,4.77505e-07,-1,-8.66542e-07,-4.95119e-07,-1,7.82029e-07,-5.44232e-07,-1,6.18317e-07,0,-1,0,8.42391e-07,-1,-2.99049e-07,1.13057e-06,-1,-2.09805e-07,9.89614e-08,-1,6.35081e-08,-2.3796e-06,-1,1.02407e-07,2.81856e-07,-1,5.93851e-08,-9.87611e-06,-1,-2.33129e-07,5.64224e-06,-1,2.19796e-07,-3.85673e-06,-1,-7.57863e-08,-6.39341e-07,-1,5.11768e-08,-2.64142e-07,-1,1.0028e-07,-1.72439e-07,-1,1.17192e-07,4.72423e-09,-1,4.97938e-08,-1.23499e-07,-1,2.95447e-07,-1.24953e-08,-1,8.61338e-08,-2.12939e-08,-1,1.1483e-07,-3.20128e-08,-1,1.53868e-07,4.87817e-07,-1,-1.86027e-06,9.44519e-07,-1,-3.71732e-06,3.84484e-07,-1,-1.49134e-06,6.22359e-08,-1,-2.00284e-07,-1.62812e-08,-1,9.73781e-08,-3.02672e-08,-1,9.34064e-08,-8.98806e-08,-1,7.27296e-08,2.69401e-07,-1,4.29729e-08,-4.75388e-08,-1,3.90854e-08,-1.13053e-09,-1,4.36714e-08,-1.03685e-08,-1,7.8165e-08,2.85126e-07,-1,-1.0957e-06,5.09033e-07,-1,-1.98767e-06,-6.52079e-10,-1,4.32259e-08,9.99515e-08,-1,4.12716e-08,-3.35814e-06,-1,-1.62099e-08,-8.35864e-10,-1,4.36776e-08,-9.20104e-10,-1,4.39245e-08,1.39006e-06,-1,6.8356e-08,2.93846e-06,-1,9.70178e-08,-2.16144e-09,-1,4.76194e-08,3.73962e-08,-1,-7.17665e-08,-4.28161e-05,-1,-7.64862e-07,-4.34622e-10,-1,4.38658e-08,-3.31368e-09,-1,4.97037e-08,5.5724e-09,-1,3.12176e-08,1.5213e-08,-1,1.18033e-08,6.22508e-09,-1,3.03607e-08,1.39226e-08,-1,1.49601e-08,-5.40532e-05,-1,-7.611e-07,-7.58464e-09,-1,5.90489e-08,1.2237e-08,-1,1.96321e-08,8.19743e-06,-1,1.65364e-07,-1.27489e-07,-1,5.48173e-08,-9.941e-08,-1,2.65017e-08,1.87231e-06,-1,1.52822e-07,-1.17886e-06,-1,-6.81163e-08,-5.52391e-08,-1,3.08593e-08,3.3879e-07,-1,1.63668e-07,-3.49425e-08,-1,3.90992e-08,-1.47761e-07,-1,-2.19178e-07,6.7396e-10,-1,5.89744e-08,9.03381e-10,-1,5.85052e-08,1.92025e-08,-1,8.44676e-08,7.89141e-08,-1,5.80126e-08,-1.21743e-07,-1,4.12544e-08,2.36558e-06,-1,1.08115e-07,2.99426e-09,-1,3.8452e-08,1.05129e-08,-1,2.44064e-08,-1.34409e-07,-1,4.02619e-08,-2.73803e-08,-1,2.67822e-08,6.37656e-09,-1,4.74875e-08,5.04294e-09,-1,5.02451e-08,4.84444e-09,-1,4.73483e-08,2.63282e-08,-1,-5.86874e-09,1.65554e-08,-1,1.32756e-08,6.285e-09,-1,4.77154e-08,2.77508e-08,-1,-4.07927e-09,3.23383e-08,-1,-1.83224e-08,3.03724e-08,-1,-1.43049e-08,3.0391e-08,-1,-1.04128e-08,4.21253e-08,-1,-3.83639e-08,3.66969e-08,-1,-2.74823e-08,3.34192e-08,-1,-2.05271e-08,4.97404e-08,-1,-5.63541e-08,4.31742e-08,-1,-4.09879e-08,4.74418e-08,-1,-5.07986e-08,4.20157e-08,-1,-3.88943e-08,5.60137e-08,-1,-7.07165e-08,4.47678e-08,-1,-4.5024e-08,4.61387e-08,-1,-4.81205e-08]
}