{
    "faces":[32,0,1,2,0,0,0,32,2,3,4,1,1,1,32,4,5,6,2,2,2,32,6,7,8,3,3,3,32,8,9,10,4,4,4,32,10,11,12,5,5,5,32,12,13,14,6,6,6,32,14,15,16,7,7,7,32,16,17,18,8,8,8,32,18,19,20,9,9,9,32,20,21,22,10,10,10,32,22,23,24,11,11,11,32,24,25,26,12,12,12,32,26,27,28,13,13,13,32,28,29,30,14,14,14,32,30,31,32,15,15,15,32,32,33,34,16,16,16,32,34,35,36,17,17,17,32,34,36,37,18,18,18,32,30,32,34,19,19,19,32,26,28,30,20,20,20,32,22,24,26,21,21,21,32,18,20,22,22,22,22,32,14,16,18,23,23,23,32,10,12,14,24,24,24,32,6,8,10,25,25,25,32,2,4,6,26,26,26,32,30,34,37,27,27,27,32,22,26,30,28,28,28,32,14,18,22,29,29,29,32,6,10,14,30,30,30,32,0,2,6,31,31,31,32,0,6,14,32,32,32,32,14,22,30,33,33,33,32,30,37,38,34,34,34,32,30,38,39,35,35,35,32,0,14,30,36,36,36,32,0,30,39,37,37,37,32,0,39,40,38,38,38,32,0,40,41,39,39,39,32,0,41,42,40,40,40,32,0,42,43,41,41,41,32,0,43,44,42,42,42,32,0,44,45,43,43,43,32,0,45,46,44,44,44,32,0,46,47,45,45,45,32,0,47,48,46,46,46,32,0,48,49,47,47,47,32,0,49,50,48,48,48,32,59,0,50,49,49,49,32,59,50,51,50,50,50,32,56,57,58,51,51,51,32,59,51,52,52,52,52,32,55,56,58,53,53,53,32,59,52,53,54,54,54,32,54,55,58,55,55,55,32,59,53,54,56,56,56,32,54,58,59,57,57,57],
    "vertices":[471.4,0.500005,89.8051,437.315,0.500005,82.6062,406.567,0.500004,76.1468,378.929,0.500004,70.3864,354.18,0.500004,65.2859,332.11,0.500003,60.8073,312.515,0.500003,56.9141,295.201,0.500003,53.5706,279.979,0.500002,50.743,266.672,0.500002,48.3981,255.108,0.500002,46.5042,245.124,0.500002,45.0309,236.567,0.500002,43.9491,229.288,0.500002,43.2305,223.15,0.500001,42.8487,218.022,0.500001,42.778,213.782,0.500001,42.9943,210.316,0.500001,43.4744,207.517,0.500001,44.1966,205.287,0.500001,45.1405,203.537,0.500001,46.2866,202.185,0.500001,47.6169,201.157,0.500001,49.1147,200.386,0.500001,50.7644,199.817,0.500002,52.5516,199.398,0.500002,54.4632,199.089,0.500002,56.4874,198.857,0.500002,58.6136,198.675,0.500002,60.8324,198.527,0.500002,63.1357,198.405,0.500002,65.5167,198.305,0.500002,67.9691,198.225,0.500002,70.4866,198.163,0.500002,73.0618,198.116,0.500003,75.6864,198.08,0.500003,78.3516,198.05,0.500003,81.0472,198.021,0.500003,83.7626,197.986,0.500003,86.4862,197.94,0.500003,89.2056,197.873,0.500003,91.9073,197.778,0.500003,94.5773,197.645,0.500003,97.2005,197.465,0.500004,99.7611,197.227,0.500004,102.242,196.92,0.500004,104.627,196.531,0.500004,106.896,196.047,0.500004,109.03,195.455,0.500004,111.01,194.741,0.500004,112.814,193.889,0.500004,114.421,192.883,0.500004,115.807,191.707,0.500004,116.95,190.344,0.500004,117.825,188.775,0.500004,118.406,186.981,0.500004,118.668,184.943,0.500004,118.584,182.641,0.500004,118.125,180.053,0.500004,117.264,177.158,0.500004,115.97],
    "metadata":{
        "uvs":0,
        "vertices":60,
        "normals":58,
        "generator":"io_three",
        "type":"Geometry",
        "version":3,
        "faces":58
    },
    "uvs":[],
    "normals":[2.74292e-08,1,-2.04388e-07,-1.73141e-07,1,7.58306e-07,-1.14232e-07,1,4.83073e-07,2.35777e-08,1,-2.11238e-07,1.68355e-08,1,-1.97216e-07,-7.43846e-08,1,4.23137e-07,1.64869e-09,1,-1.82611e-07,-1.21416e-08,1,3.75744e-08,2.46784e-08,1,1.78165e-07,-6.22614e-08,1,-1.47064e-07,-1.20649e-07,1,-1.22638e-07,1.87544e-08,1,-2.73738e-08,2.61452e-08,1,-2.54544e-08,1.05739e-06,1,5.96263e-08,1.34362e-07,1,-4.31502e-08,-2.50755e-06,1,-1.26932e-07,1.42629e-07,1,-4.28636e-08,2.05609e-07,1,-4.19443e-08,3.56861e-07,1,-4.00827e-08,-6.44153e-07,1,-5.93437e-08,-2.58839e-07,1,-6.58237e-08,2.14519e-08,1,-2.63221e-08,7.0078e-09,1,-1.51765e-08,-1.30083e-08,1,-1.82096e-08,-9.2917e-09,1,-4.92111e-08,-1.9326e-08,1,1.49647e-08,-5.61109e-08,1,1.93816e-07,-1.95282e-07,1,-4.65797e-08,-6.77755e-08,1,-5.1345e-08,-1.52258e-08,1,-4.39286e-08,-1.20302e-08,1,-2.52692e-08,-4.45499e-08,1,1.37281e-07,-1.56147e-08,1,-2.49496e-09,-1.48069e-08,1,-4.24582e-08,-1.54797e-07,1,-4.57272e-08,-4.2971e-07,1,-5.12161e-08,-9.21111e-09,1,-3.63497e-08,-8.62442e-09,1,-4.29439e-08,-8.62137e-09,1,-4.43356e-08,-8.62613e-09,1,-4.4955e-08,-8.64226e-09,1,-4.58801e-08,-8.04694e-09,1,-2.3843e-08,-8.95772e-09,1,-4.89026e-08,-9.06033e-09,1,-5.11647e-08,-7.78806e-09,1,-2.76037e-08,-9.68072e-09,1,-5.80431e-08,-7.89495e-09,1,-3.24666e-08,-8.18801e-09,1,-3.62803e-08,-8.63716e-09,1,-4.16808e-08,-1.16794e-07,1,-1.26101e-06,4.26857e-09,-1,4.60872e-08,-3.43223e-08,-1,1.72346e-07,4.37832e-09,-1,5.6665e-08,-2.20871e-09,-1,5.33491e-08,7.41524e-09,-1,1.15585e-08,3.60316e-09,-1,2.46723e-08,6.55332e-09,-1,1.76879e-08,1.13079e-09,-1,4.35517e-08]
}